country,iso
Andorra,AD
Emiratos Árabes Unidos ,AE
Afganistán,AF
Antigua y Barbuda ,AG
Anguila,AI
Albania,AL
Armenia,AM
Antillas Holandesas ,AN
Angola,AO
Antártida,AQ
Argentina,AR
Samoa Americana ,AS
Austria ,AU
Australia ,AS
Aruba ,AW
Azerbaiyán ,AZ
Bosnia y Herzegovina ,BA
Barbados ,BB
Bangladesh ,BD
Bélgica ,BE
Burkina Faso ,BF
Bahrein ,BH
Burundi ,BI
Benin ,BJ
Bermudas ,BM
Bolivia ,BO
Brasil ,BR
Bahamas ,BS
Bután ,BT
Isla Bouvet ,BU
Bulgaria ,BV
Botswana ,BW
Brunei Darussalam ,BX
Bielorrusia ,BY
Belice ,BZ
Canadá ,CA
Cocos,CC
República Centroafricana ,CF
Congo ,CG
Suiza ,CH
Cote D'Ivoire (Costa de Marfil) ,CI
Islas Cook ,CK
Chile ,CL
Camerún ,CM
China ,CN
Colombia ,CO
Costa Rica ,CR
Cuba ,CU
Cabo Verde ,CV
Isla de Navidad ,CX
Chipre ,CY
República Checa ,CZ
Alemania ,DE
Djibouti ,DJ
Dinamarca ,DK
Dominica ,DM
República Dominicana ,DO
Argelia ,DZ
Ecuador ,EC
Estonia ,EE
Egipto ,EG
Sáhara Occidental ,EH
Eritrea ,ER
España ,ES
Etiopía ,ET
Finlandia ,FI
Fiji ,FJ
Islas Malvinas ,FK
Micronesia ,FM
Islas Feroe ,FO
Francia ,FR
Gabón ,GA
Gran Bretaña ,GB
Granada ,GD
Georgia ,GE
Guayana Francesa,GF
Ghana ,GH
Gibraltar ,GI
Groenlandia ,GL
Gambia ,GM
Guinea ,GN
Guadalupe ,GP
Guinea Ecuatorial ,GQ
Grecia ,GR
Georgia del Sur y Islas Sandwich del Sur ,GS
Guatemala ,GT
Guam ,GU
Guinea-Bissau ,GW
Guayana ,GY
Hong Kong ,HK
Islas Heard y McDonald ,HM
Honduras ,HN
Croacia,HR
Haití ,HT
Hungría ,HU
Indonesia ,ID
Irlanda ,IE
Israel ,IL
India ,IN
Territorio Británico del Océano Índico,IO
Irak ,IQ
Irán ,IR
Islandia ,IS
Italia ,IT
Jamaica ,JM
Jordania ,JO
Japón ,JP
Kenia ,KE
Kirguistán ,KG
Camboya ,KH
Kiribati ,KI
Comoras ,KM
Saint Kitts y Nevis ,KN
Corea del Norte ,KP
Corea del Sur ,KR
Kuwait ,KW
Las Islas Caimán ,KY
Kazajstán ,KZ
Laos ,LA
Líbano ,LB
Santa Lucía ,LC
Liechtenstein ,LI
Sri Lanka ,LK
Liberia ,LR
Lesoto ,LS
Lituania ,LT
Luxemburgo ,LU
Letonia ,LV
Libia ,LY
Marruecos ,MA
Mónaco ,MC
Moldavia ,MD
Madagascar ,MG
Islas Marshall ,MH
Macedonia ,MK
Malí ,ML
Myanmar ,MM
Mongolia ,MN
Macao ,MO
Islas Marianas del Norte ,MP
Martinica ,MQ
Mauritania ,MR
Montserrat ,MS
Malta ,MT
Mauricio ,MU
Maldivas ,MV
Malawi ,MW
México ,MX
Malasia ,MY
Mozambique ,MZ
Namibia ,NA
Nueva Caledonia ,NC
Níger ,NE
Norfolk Island ,NF
Nigeria ,NG
Nicaragua ,NI
Países Bajos ,NE
Noruega ,NO
Nepal ,NP
Nauru ,NR
Niue ,NU
Nueva Zelanda ,NZ
Omán ,OM
Panamá ,PA
Perú ,PE
Polinesia francés ,PF
Papua Nueva Guinea ,PG
Filipinas ,PH
Pakistán ,PK
Polonia ,PO
San Pedro y Miquelón ,PM
Pitcairn ,PN
Puerto Rico ,PR
Portugal ,PT
Palau ,PW
Paraguay ,PY
Qatar ,QA
Reunión ,RE
Rumania ,RO
La Federación de Rusia ,RU
Ruanda ,RW
Arabia Saudita ,SA
Las Islas Salomón ,SB
Seychelles ,SC
Sudán ,SD
Suecia ,SE
Singapur ,SG
Santa Elena ,SH
Eslovenia ,SI
Svalbard y Jan Mayen ,SJ
República Eslovaca ,SK
Sierra Leona ,SL
San Marino ,SM
Senegal ,SN
Somalia ,SO
Suriname ,SR
Santo Tomé y Príncipe ,ST
El Salvador ,SV
Siria ,SY
Swazilandia ,SZ
Islas Turcas y Caicos ,TC
Chad ,TD
Territorios del sur francés ,TF
Togo ,TG
Tailandia ,TH
Tayikistán ,TI
Tokelau ,TK
Turkmenistán ,TM
Túnez ,TN
Tonga ,TO
Timor Oriental ,TP
Turquía ,TR
Trinidad y Tobago ,TT
Tuvalu ,TV
Taiwan ,TW
Tanzania ,TZ
Ucrania ,UA
Uganda ,UG
Reino Unido ,UK
Islas menores  de EE.UU.,UM
Estados Unidos de América (EE.UU.) ,US
Uruguay ,UY
Uzbekistán ,UZ
Ciudad del Vaticano ,VA
San Vicente y las Granadinas ,VC
Venezuela ,VE
Islas Vírgenes (Británicas) ,VG
Vietnam ,VN
Vanuatu ,VU
Islas Wallis y Futuna ,WF
Samoa ,WS
Yemen ,YE
Mayotte ,YT
Yugoslavia ,YU
Sudáfrica ,ZA
Zambia ,ZM
Zaire ,ZR
Zimbabue ,ZW